[
    {
        "id": 1,
        "name": "John",
        "lastname": "Doe",
        "age": "20",
        "points": "100",
        "filiere": "Computer Science"
    },
    {
        "id": 2,
        "name": "Jane",
        "lastname": "Smith",
        "age": "22",
        "points": "95",
        "filiere": "Electrical Engineering"
    },
    {
        "id": 3,
        "name": "Michael",
        "lastname": "Johnson",
        "age": "21",
        "points": "98",
        "filiere": "Mechanical Engineering"
    },
    {
        "id": 4,
        "name": "Emily",
        "lastname": "Brown",
        "age": "19",
        "points": "92",
        "filiere": "Chemical Engineering"
    },
    {
        "id": 5,
        "name": "Daniel",
        "lastname": "Taylor",
        "age": "20",
        "points": "88",
        "filiere": "Civil Engineering"
    },
    {
        "id": 6,
        "name": "Olivia",
        "lastname": "Miller",
        "age": "22",
        "points": "91",
        "filiere": "Environmental Science"
    },
    {
        "id": 7,
        "name": "David",
        "lastname": "Anderson",
        "age": "21",
        "points": "94",
        "filiere": "Biology"
    },
    {
        "id": 8,
        "name": "Sophia",
        "lastname": "Wilson",
        "age": "19",
        "points": "87",
        "filiere": "Physics"
    },
    {
        "id": 9,
        "name": "Matthew",
        "lastname": "Thomas",
        "age": "20",
        "points": "90",
        "filiere": "Mathematics"
    },
    {
        "id": 10,
        "name": "Ava",
        "lastname": "Jackson",
        "age": "22",
        "points": "93",
        "filiere": "Business Administration"
    },
    {
        "id": 11,
        "name": "James",
        "lastname": "White",
        "age": "21",
        "points": "86",
        "filiere": "Economics"
    },
    {
        "id": 12,
        "name": "Emma",
        "lastname": "Harris",
        "age": "19",
        "points": "89",
        "filiere": "Political Science"
    },
    {
        "id": 13,
        "name": "William",
        "lastname": "Martin",
        "age": "20",
        "points": "92",
        "filiere": "International Relations"
    },
    {
        "id": 14,
        "name": "Mia",
        "lastname": "Thompson",
        "age": "22",
        "points": "85",
        "filiere": "Sociology"
    },
    {
        "id": 15,
        "name": "Benjamin",
        "lastname": "Garcia",
        "age": "21",
        "points": "88",
        "filiere": "Psychology"
    },
    {
        "id": 16,
        "name": "Abigail",
        "lastname": "Martinez",
        "age": "19",
        "points": "91",
        "filiere": "English Literature"
    },
    {
        "id": 17,
        "name": "Ethan",
        "lastname": "Robinson",
        "age": "20",
        "points": "94",
        "filiere": "History"
    },
    {
        "id": 18,
        "name": "Charlotte",
        "lastname": "Clark",
        "age": "22",
        "points": "87",
        "filiere": "Art"
    },
    {
        "id": 19,
        "name": "Alexander",
        "lastname": "Rodriguez",
        "age": "21",
        "points": "90",
        "filiere": "Music"
    }
]