[
  {
    "name": "John",
    "lastname": "Doe",
    "age": "25",
    "work": "Plumbing"
  },
  {
    "name": "Emma",
    "lastname": "Smith",
    "age": "28",
    "work": "Electrician"
  },
  {
    "name": "Sophia",
    "lastname": "Johnson",
    "age": "23",
    "work": "Carpentry"
  },
  {
    "name": "Michael",
    "lastname": "Brown",
    "age": "30",
    "work": "Painting"
  },
  {
    "name": "Olivia",
    "lastname": "Miller",
    "age": "27",
    "work": "Plumbing"
  },
  {
    "name": "James",
    "lastname": "Davis",
    "age": "24",
    "work": "Electrician"
  },
  {
    "name": "Ava",
    "lastname": "Garcia",
    "age": "29",
    "work": "Carpentry"
  },
  {
    "name": "William",
    "lastname": "Wilson",
    "age": "26",
    "work": "Painting"
  },
  {
    "name": "Isabella",
    "lastname": "Taylor",
    "age": "31",
    "work": "Plumbing"
  },
  {
    "name": "Benjamin",
    "lastname": "Anderson",
    "age": "24",
    "work": "Electrician"
  },
  {
    "name": "Mia",
    "lastname": "Thomas",
    "age": "28",
    "work": "Carpentry"
  },
  {
    "name": "Henry",
    "lastname": "Hernandez",
    "age": "25",
    "work": "Painting"
  },
  {
    "name": "Charlotte",
    "lastname": "Moore",
    "age": "30",
    "work": "Plumbing"
  },
  {
    "name": "Alexander",
    "lastname": "Jackson",
    "age": "27",
    "work": "Electrician"
  },
  {
    "name": "Ella",
    "lastname": "Thompson",
    "age": "23",
    "work": "Carpentry"
  },
  {
    "name": "Daniel",
    "lastname": "White",
    "age": "26",
    "work": "Painting"
  },
  {
    "name": "Victoria",
    "lastname": "Lee",
    "age": "31",
    "work": "Plumbing"
  },
  {
    "name": "David",
    "lastname": "Gonzalez",
    "age": "24",
    "work": "Electrician"
  },
  {
    "name": "Penelope",
    "lastname": "Harris",
    "age": "29",
    "work": "Carpentry"
  }
]