[
    {
        "id": 1,
        "name": "John",
        "lastname": "Doe",
        "age": "25",
        "work": "Plumbing"
    },
    {
        "id": 2,
        "name": "Emma",
        "lastname": "Smith",
        "age": "28",
        "work": "Electrician"
    },
    {
        "id": 3,
        "name": "Sophia",
        "lastname": "Johnson",
        "age": "23",
        "work": "Carpentry"
    },
    {
        "id": 4,
        "name": "Michael",
        "lastname": "Brown",
        "age": "30",
        "work": "Painting"
    },
    {
        "id": 5,
        "name": "Olivia",
        "lastname": "Miller",
        "age": "27",
        "work": "Plumbing"
    },
    {
        "id": 6,
        "name": "James",
        "lastname": "Davis",
        "age": "24",
        "work": "Electrician"
    },
    {
        "id": 7,
        "name": "Ava",
        "lastname": "Garcia",
        "age": "29",
        "work": "Carpentry"
    },
    {
        "id": 8,
        "name": "William",
        "lastname": "Wilson",
        "age": "26",
        "work": "Painting"
    },
    {
        "id": 9,
        "name": "Isabella",
        "lastname": "Taylor",
        "age": "31",
        "work": "Plumbing"
    },
    {
        "id": 10,
        "name": "Benjamin",
        "lastname": "Anderson",
        "age": "24",
        "work": "Electrician"
    },
    {
        "id": 11,
        "name": "Mia",
        "lastname": "Thomas",
        "age": "28",
        "work": "Carpentry"
    },
    {
        "id": 12,
        "name": "Henry",
        "lastname": "Hernandez",
        "age": "25",
        "work": "Painting"
    },
    {
        "id": 13,
        "name": "Charlotte",
        "lastname": "Moore",
        "age": "30",
        "work": "Plumbing"
    },
    {
        "id": 14,
        "name": "Alexander",
        "lastname": "Jackson",
        "age": "27",
        "work": "Electrician"
    },
    {
        "id": 15,
        "name": "Ella",
        "lastname": "Thompson",
        "age": "23",
        "work": "Carpentry"
    },
    {
        "id": 16,
        "name": "Daniel",
        "lastname": "White",
        "age": "26",
        "work": "Painting"
    },
    {
        "id": 17,
        "name": "Victoria",
        "lastname": "Lee",
        "age": "31",
        "work": "Plumbing"
    },
    {
        "id": 18,
        "name": "David",
        "lastname": "Gonzalez",
        "age": "24",
        "work": "Electrician"
    },
    {
        "id": 19,
        "name": "Penelope",
        "lastname": "Harris",
        "age": "29",
        "work": "Carpentry"
    }
]