[
    {
        "id": 1,
        "points": 10
    },
    {
        "id": 2,
        "points": 15
    },
    {
        "id": 3,
        "points": 20
    },
    {
        "id": 4,
        "points": 5
    },
    {
        "id": 5,
        "points": 12
    },
    {
        "id": 6,
        "points": 18
    },
    {
        "id": 7,
        "points": 25
    },
    {
        "id": 8,
        "points": 7
    },
    {
        "id": 9,
        "points": 14
    },
    {
        "id": 10,
        "points": 21
    },
    {
        "id": 11,
        "points": 8
    },
    {
        "id": 12,
        "points": 16
    },
    {
        "id": 13,
        "points": 23
    },
    {
        "id": 14,
        "points": 9
    },
    {
        "id": 15,
        "points": 17
    },
    {
        "id": 16,
        "points": 24
    },
    {
        "id": 17,
        "points": 11
    },
    {
        "id": 18,
        "points": 19
    },
    {
        "id": 19,
        "points": 26
    },
    {
        "id": 20,
        "points": 13
    },
    {
        "id": 21,
        "points": 22
    },
    {
        "id": 22,
        "points": 6
    },
    {
        "id": 23,
        "points": 28
    },
    {
        "id": 24,
        "points": 30
    },
    {
        "id": 25,
        "points": 27
    },
    {
        "id": 26,
        "points": 29
    },
    {
        "id": 27,
        "points": 31
    },
    {
        "id": 28,
        "points": 33
    },
    {
        "id": 29,
        "points": 35
    },
    {
        "id": 30,
        "points": 32
    }
]